Name,Email,Phone,City,Country,Age,Gender,JoinDate,Occupation,Salary
Alex Perez,hannahruiz@gmail.com,949.164.5612x72014,Robertsontown,Lithuania,56.0,Male,2022-05-05,Pensions consultant,
Holly Anderson,angela40@ryan.org,779-444-3105,East Josephhaven,Portugal,46.0,Male,2022-04-26,Pensions consultant,86935.97
Marcia Black,kathrynburke@green.com,084.764.6922x9648,East Rachel,Cuba,32.0,Other,2024-09-17,,
Jennifer Harris,dennisjohnson@gmail.com,+1-491-196-1347x26914,Lake Drewtown,Oman,60.0,Other,2024-02-16,Pensions consultant,86935.97
Karen Wallace,ncastro@lee.net,001-611-271-5720,East Mark,Timor-Leste,25.0,Male,2020-12-30,Pensions consultant,86935.97
Joann Armstrong,anthony12@armstrong.com,167.929.8122,New Jared,Myanmar,38.0,Other,2020-07-29,Pensions consultant,86935.97
Christina Mays,popejohn@yahoo.com,,North Dorothyton,Armenia,56.0,Male,2024-03-29,Pensions consultant,86935.97
Leslie Jarvis,linda51@dunn.com,(063)867-8384x6664,North Jennyshire,Hong Kong,36.0,Male,2021-11-04,Pensions consultant,86935.97
Cheyenne Hall,michaelthompson@strong-collins.com,001-104-070-9078x2659,Josephborough,Bahamas,40.0,Female,2023-05-17,Pensions consultant,86935.97
Andre Blair,alvarezdawn@hotmail.com,+1-417-725-7166,Donaldmouth,Jordan,28.0,Other,2025-03-22,Pensions consultant,86935.97
Olivia Thomas,hallnicholas@kim-cooper.com,2356635681,Murphyville,Cape Verde,28.0,Male,2023-02-18,Pensions consultant,86935.97
Patricia Phillips,janet41@murray.biz,001-792-899-2987x26447,Ronnietown,Morocco,41.0,Male,2024-11-11,Pensions consultant,86935.97
Andrew Cruz,larryoliver@yahoo.com,+1-041-213-5932x2110,Annettemouth,Egypt,53.0,Other,2021-02-17,Pensions consultant,86935.97
Fred Johnson,janet95@luna.com,624-111-5191x027,Port Ashleyville,Saint Lucia,57.0,Female,2021-11-23,Pensions consultant,
Diana Sellers,ingrammelissa@parks.biz,(055)278-5166,Alvaradomouth,Peru,,Female,2023-04-07,Pensions consultant,
Michael Norman,david29@gonzalez.com,001-055-812-9464x6081,Brayshire,Slovakia (Slovak Republic),20.0,Male,2020-09-25,Pensions consultant,86935.97
Melissa Garcia,marybrown@hotmail.com,139-582-1483x64224,South Louis,Palestinian Territory,39.0,Other,2022-03-30,Pensions consultant,86935.97
Francisco Young,zadams@gmail.com,4942994139,West John,British Indian Ocean Territory (Chagos Archipelago),19.0,Female,2021-12-27,Pensions consultant,86935.97
Megan Byrd,josephwong@wright.info,+1-697-948-5629x1457,North Erica,Kiribati,41.0,Other,2021-09-15,Pensions consultant,86935.97
Rachel Grant,ibryant@hotmail.com,001-336-390-8709x66433,Markberg,San Marino,61.0,Other,2025-06-30,Pensions consultant,86935.97
Megan Watts,allen98@gmail.com,3406097651,Brownmouth,Eritrea,47.0,Male,2023-12-19,Pensions consultant,86935.97
Jessica Moran,vallen@gmail.com,001-424-208-0520x49348,Blairchester,Solomon Islands,55.0,Female,2020-10-05,Pensions consultant,86935.97
Christine Carter,philip75@gmail.com,238-260-4344,East Susan,Pitcairn Islands,19.0,Male,2025-03-31,Pensions consultant,86935.97
Robert Molina,tiffanybernard@robertson.com,091.008.0465,Port Darrell,Peru,38.0,Female,2024-04-26,,86935.97
Daniel Hamilton,hesterrichard@johnson-thompson.biz,560.381.8512x9847,South Joshua,Gabon,50.0,Female,2021-04-28,Pensions consultant,86935.97
Ronald Cook,velazquezjulie@donaldson-washington.com,+1-113-330-9701x44650,Jesusborough,British Virgin Islands,29.0,Female,2024-02-15,Pensions consultant,86935.97
Hannah Conner,theodoreburke@gmail.com,317.113.3629x73113,New Molly,Indonesia,39.0,Female,2020-12-18,Pensions consultant,
William Garcia,murrayryan@perkins.com,(281)830-8592x160,Spencerville,Brunei Darussalam,61.0,Female,2022-12-02,Pensions consultant,86935.97
Morgan Powers,mcgrathtamara@johnson.org,5744458193,New Dennisport,Djibouti,42.0,Other,2022-12-27,Pensions consultant,86935.97
Kimberly Johnson,cynthia86@yahoo.com,080.887.5673,Richardsonmouth,Iraq,44.0,Male,2024-03-26,Pensions consultant,86935.97
Kara Peters,qjohnson@yahoo.com,6929368871,South Michael,India,59.0,Other,2024-08-05,Pensions consultant,86935.97
Michelle Perry,chad53@gmail.com,0378808011,Taylormouth,Botswana,45.0,Female,2022-07-10,Pensions consultant,86935.97
Donna Wiley,saracontreras@frost-flynn.com,+1-982-797-1955x290,Meganstad,Lebanon,33.0,Male,2020-11-22,Pensions consultant,86935.97
Alexis Fisher,donna88@cole.com,001-558-197-5348x631,Bondmouth,Togo,32.0,Female,2025-06-05,,86935.97
Andres Smith,douglaserin@yahoo.com,001-410-057-6137,Lake Melissa,Romania,64.0,Male,2023-06-20,Pensions consultant,86935.97
Alexis Stein,estradamorgan@hotmail.com,832.496.7787,Marcmouth,Suriname,61.0,Other,2025-02-11,,86935.97
Marie Oconnor,zwhitehead@yahoo.com,989-431-4872x6310,Sethstad,Guadeloupe,20.0,Male,2022-09-30,Pensions consultant,86935.97
Richard Jones,emiller@brown.net,001-354-358-2628,North Johnburgh,Grenada,54.0,Male,2023-06-22,Pensions consultant,
David Peters,richard00@chambers.com,578-676-7119,East Karenbury,Malta,24.0,Male,2025-02-03,,86935.97
Nicole King,holderwendy@hicks-blair.com,351-853-9104x418,Port Logan,Norfolk Island,,Male,2024-01-22,Pensions consultant,86935.97
Tyrone Rose,cynthia84@yahoo.com,001-454-371-6506x8988,North Cynthiastad,Lebanon,26.0,Male,2025-05-07,Pensions consultant,
Elizabeth Lucero,sosasamuel@yahoo.com,+1-467-822-1166x49573,Martinezview,Mexico,56.0,Female,2020-10-03,Pensions consultant,86935.97
Vincent Beasley,michael22@meadows.net,616-491-4265,Fosterhaven,Cuba,35.0,Male,2024-08-02,Pensions consultant,86935.97
Jason Noble,qwelch@hotmail.com,+1-365-146-5166x7982,West Bradfort,Guam,21.0,Male,2021-07-14,Pensions consultant,86935.97
Joshua Johnson,cobballen@parker.com,616.874.1027x3415,Lauraborough,Ukraine,42.0,Other,2021-06-27,Pensions consultant,86935.97
Taylor Allen,christina28@nguyen.com,237-755-2926,Lindseymouth,Liechtenstein,31.0,Male,2021-07-17,Pensions consultant,
Kimberly Wright,xjohnson@hotmail.com,001-306-277-2624x31289,North Donald,Guinea,26.0,Other,2025-01-22,Pensions consultant,86935.97
Darryl Becker,coxsarah@gmail.com,981-481-4050x4491,North Elizabeth,American Samoa,43.0,Female,2023-08-13,Pensions consultant,86935.97
Alison Bell,xrivera@larsen-carlson.com,(271)072-5277,Kelseymouth,United States of America,19.0,Male,2025-04-12,Pensions consultant,86935.97
Amy Shaw,michaelbowers@stein.com,+1-480-635-9410x32066,Wardmouth,Yemen,37.0,Other,2020-08-14,Pensions consultant,86935.97
Wesley King,angelalane@gould-parker.com,001-106-466-9405,West Jeffreyview,New Caledonia,45.0,Other,2024-04-17,Pensions consultant,86935.97
Tyler Thomas,davidrussell@hotmail.com,+1-839-281-3373x63303,Simonfurt,Azerbaijan,64.0,Female,2021-03-22,Pensions consultant,86935.97
Vickie Ross,,001-683-489-2909,Rossborough,Bosnia and Herzegovina,24.0,Male,2022-01-16,Pensions consultant,86935.97
Sarah Rodriguez,blakeross@young-bryan.info,086.290.0598x62365,Lake Jacobfurt,Ecuador,61.0,Male,2023-12-27,,86935.97
Amanda Rodriguez,diazsherri@mckinney-diaz.com,588.108.1279,Jenniferhaven,Congo,25.0,Other,2024-09-26,Pensions consultant,86935.97
Karen Crawford,shawnreese@clark.com,(907)770-6543,Johnsonmouth,Libyan Arab Jamahiriya,64.0,Male,2021-09-07,Pensions consultant,
Nicholas Solis,ryantorres@hotmail.com,932-997-9966x64799,West Denisetown,Jamaica,52.0,Other,2024-01-09,Pensions consultant,86935.97
Dwayne Preston,ryan60@johnson.biz,848-016-3850x36918,Alexiston,Lebanon,31.0,Male,2021-03-12,Pensions consultant,86935.97
Lisa Reed,joshuafischer@gonzales.info,549-462-0101x4162,South Lisa,Serbia,34.0,Other,2022-12-30,Pensions consultant,86935.97
Trevor Barajas,jonesrebecca@gmail.com,(843)296-9661x34541,West Christopher,Bangladesh,53.0,Male,2020-09-06,Pensions consultant,86935.97
Krystal Terry,ahoffman@romero.com,0143656511,Lake Nicole,Iraq,57.0,Female,2021-02-03,Pensions consultant,86935.97
Danielle Winters,scott85@salinas.com,(164)829-0528x854,Lozanoland,Syrian Arab Republic,21.0,Male,2021-02-17,Pensions consultant,86935.97
Karen Torres,rwoodard@hall.info,074-066-6865x35290,Velazquezstad,Tokelau,19.0,Male,2021-05-14,Pensions consultant,86935.97
Carolyn Scott,armstrongjennifer@noble-collier.biz,705.531.4546,Lake Williamport,Croatia,23.0,Female,2023-11-28,,86935.97
Heather Bass,jonathanmiles@tyler-west.com,624.759.9543x85790,Michellefurt,Belgium,59.0,Male,2024-12-30,Pensions consultant,86935.97
Dr. John Gill,dawn06@yahoo.com,001-803-607-6342x629,Colliermouth,Philippines,21.0,Female,2024-08-14,Pensions consultant,
Charles Rocha,andrew45@becker.org,(303)016-5064,Lake Kellyville,Luxembourg,46.0,Male,2025-05-11,,86935.97
Robert Conner,nkelly@hammond.biz,001-716-086-0643x934,Lake Charles,Lao People's Democratic Republic,35.0,Other,2024-02-11,Pensions consultant,86935.97
Stephanie Hobbs,jmitchell@gmail.com,(208)545-6136,West Donna,Ghana,43.0,Other,2025-06-19,Pensions consultant,86935.97
Amanda Pope,scott46@simmons.com,+1-326-073-8753x8500,Lauraland,Luxembourg,61.0,Male,2025-03-26,,86935.97
Julie Reyes,ujones@reynolds.biz,(077)811-9150,Smithburgh,Panama,51.0,Male,2024-08-08,Pensions consultant,86935.97
Robert Vazquez,melanie72@jones.com,001-196-000-3282,Lake Angelachester,Martinique,27.0,Male,2021-11-17,Pensions consultant,86935.97
Sarah Garza,,+1-568-993-5311x1533,Anthonystad,Saint Lucia,53.0,Other,2023-04-01,Pensions consultant,86935.97
Kristie Mathews,nicholsjacob@yahoo.com,001-383-8279,Deanfurt,Belize,31.0,Male,2022-04-06,Pensions consultant,86935.97
David Peters,robinbates@alvarez-smith.com,018.208.1303x601,Stephenstad,Mongolia,48.0,Other,2020-12-06,Pensions consultant,86935.97
Harold Lester,jennifer92@watson.com,001-203-840-5978,Heatherfurt,Bhutan,,Female,2021-11-11,Pensions consultant,86935.97
Jordan Ward,khenry@hotmail.com,213-177-3001x4856,East Cody,Tunisia,25.0,Other,2024-08-23,,86935.97
Rhonda Luna,eallen@smith-davis.com,379.178.8680x212,New Ashley,British Indian Ocean Territory (Chagos Archipelago),31.0,Other,2023-05-17,Pensions consultant,86935.97
Michael Simpson,suzannecox@gmail.com,575-988-5925,Valerietown,Chad,40.0,Female,2023-12-30,Pensions consultant,86935.97
Holly Hatfield,johnsondevin@smith-french.info,+1-109-309-4058x1264,Calebview,Congo,,Other,2021-10-11,Pensions consultant,86935.97
Kimberly Gonzalez,stephanie08@rodriguez-cobb.org,+1-715-776-3606x0810,Port Michael,Ethiopia,38.0,Male,2023-08-02,Pensions consultant,86935.97
Bridget Howe,rdougherty@hotmail.com,+1-918-305-6205x66326,Maryborough,Jordan,33.0,Male,2021-02-14,Pensions consultant,86935.97
Suzanne Pena,brianavaughn@gmail.com,579.270.6536,West Steven,Equatorial Guinea,62.0,Other,2024-06-09,Pensions consultant,86935.97
Michael Barnett,vbrown@hotmail.com,571.745.6247,West Louis,Macedonia,35.0,Male,2022-12-15,Pensions consultant,86935.97
Rebecca Shaw,emartinez@yahoo.com,(723)457-8510,North Gregoryfurt,Burkina Faso,64.0,Other,2021-11-11,Pensions consultant,86935.97
Darlene Anderson,vsutton@bennett-austin.info,001-135-130-8814x194,Michaelville,Bahrain,41.0,Male,2025-02-03,,86935.97
James Figueroa,fergusondavid@hotmail.com,(359)202-3457,Michaelton,El Salvador,43.0,Male,2022-09-01,Pensions consultant,86935.97
Edward Smith,ayalarobert@yahoo.com,024.403.7291x2222,Roachberg,Pakistan,42.0,Other,2023-10-09,Pensions consultant,86935.97
Raymond Santos,robert44@hotmail.com,001-605-419-9413x5841,Sydneyberg,Belarus,,Male,2021-05-09,Pensions consultant,86935.97
Courtney Smith,phelpsanthony@shelton.com,001-313-811-2620,Catherineton,Argentina,58.0,Other,2021-11-10,Pensions consultant,86935.97
Ronald Mclaughlin,yowens@hotmail.com,001-981-136-0768x05349,South Angelaland,Panama,46.0,Male,2023-12-11,Pensions consultant,86935.97
Veronica Nguyen,ifox@gmail.com,298-418-2764x1817,North Joe,Mauritania,32.0,Male,2024-02-10,Pensions consultant,86935.97
Jennifer Nelson,richardwoods@gmail.com,2327033464,Schmittborough,Uganda,62.0,Female,2023-01-04,Pensions consultant,86935.97
John Blair,ashleymahoney@hotmail.com,(451)171-1231,Moorestad,Belize,18.0,Female,2025-05-13,Pensions consultant,86935.97
Jeffrey Gross,tlandry@hale-avila.com,473-936-7653,Nathanfort,Antarctica (the territory South of 60 deg S),42.0,Other,2021-12-11,Pensions consultant,
Rebecca Henderson,chernandez@price-bowen.com,923-921-8255x070,Port Jonathan,Cape Verde,24.0,Female,2024-07-13,Pensions consultant,86935.97
Kathryn Allen,twright@yahoo.com,001-268-922-1657,Emilyview,Turkey,26.0,Other,2022-10-06,Pensions consultant,86935.97
Shaun Fields,yweber@gmail.com,477-687-6688,Lake Joseph,Serbia,41.0,Female,2024-01-06,Pensions consultant,86935.97
Diane Frank,kelseyrodriguez@yahoo.com,(242)747-8901,West Robertstad,Madagascar,18.0,Male,2021-10-14,Pensions consultant,86935.97
Stephanie Knight,reesecindy@gmail.com,6171079356,South Wendyton,Colombia,61.0,Other,2022-10-25,Pensions consultant,86935.97
Michelle Simon,jamesanderson@evans.com,121-154-8360,North Ryan,Netherlands,25.0,Other,2025-06-25,Pensions consultant,86935.97
Kathy Stephens,,001-712-073-5257x35226,Jenniferberg,Saint Helena,41.0,Male,2022-09-08,Pensions consultant,86935.97
John Stuart,zachary45@yahoo.com,943-777-1789x6603,Andersonborough,Chile,28.0,Other,2020-08-14,Pensions consultant,86935.97
Tyler Miller,coxrobert@gmail.com,+1-552-806-0554x7481,West Cathyburgh,Bangladesh,34.0,Other,2022-08-02,,86935.97
Mark Williams,donaldthompson@villarreal.com,7413287332,West Sean,Panama,25.0,Female,2023-07-05,Pensions consultant,86935.97
Alexis Tucker,ucarter@gmail.com,903-332-5800x436,Louisville,Chad,52.0,Other,2022-10-02,Pensions consultant,86935.97
Andrew Reeves,bgarcia@hotmail.com,051-665-7115,New Jackie,Venezuela,52.0,Male,2025-01-18,Pensions consultant,86935.97
Caroline King,williamsnicole@hall.com,001-934-365-5934x659,Davischester,Guatemala,50.0,Female,2022-09-18,,86935.97
Jeffrey Potts,mary14@david.com,001-552-047-1124,Douglasfort,Jamaica,22.0,Female,2023-10-30,Pensions consultant,86935.97
Samuel Kim,susan63@glass-nelson.com,2918646607,North Heidihaven,Guinea,59.0,Male,2020-09-11,Pensions consultant,86935.97
Tim Wilson,laurie99@alexander.com,734-592-5255x57330,Watsonchester,Netherlands Antilles,56.0,Male,2022-12-10,Pensions consultant,86935.97
Crystal Rose,mhenderson@vance.com,001-877-945-5324,Carolinechester,Iceland,58.0,Female,2023-09-25,Pensions consultant,86935.97
Cristina Murphy,michelle35@robinson.biz,256.396.9617x50191,Pearsonhaven,Cote d'Ivoire,45.0,Other,2022-11-15,Pensions consultant,86935.97
Abigail Bennett,kelsey31@powell-ortega.org,892.067.3564,North Jennifershire,Solomon Islands,24.0,Female,2023-11-22,,86935.97
Michael Wheeler,carsonlawrence@white.com,001-370-176-9001x0463,Emilytown,Djibouti,26.0,Male,2024-06-17,,86935.97
Glenn Lynch,williamsondavid@white.com,(129)596-3528x95866,Sellersstad,Heard Island and McDonald Islands,25.0,Female,2023-08-30,Pensions consultant,86935.97
Jack Gibbs,lmartin@heath-parker.info,+1-671-296-6209x441,South Sandra,Botswana,29.0,Male,2023-12-13,Pensions consultant,86935.97
Jordan Johnson,robin62@hotmail.com,146-583-4695,East Tara,Fiji,51.0,Female,2021-10-04,,86935.97
Christopher Long,michael56@hotmail.com,(165)453-2595,Gabrielland,China,50.0,Other,2021-02-03,Pensions consultant,
Robert Carrillo,kaylee65@christian.com,0468637388,Martinshire,Mauritius,40.0,Female,2023-06-13,Pensions consultant,86935.97
Jessica Walker,mendezanthony@hotmail.com,290.409.3347x534,North Tracey,Luxembourg,41.0,Female,2022-07-06,Pensions consultant,86935.97
Mrs. Lauren Frank,xnguyen@villa.com,+1-732-543-8118x74499,South Valeriemouth,Russian Federation,54.0,Male,2022-10-12,Pensions consultant,86935.97
Joshua Hill,jessica21@gmail.com,387-983-5348x90591,Port Robertstad,Gibraltar,52.0,Male,2022-12-27,Pensions consultant,86935.97
Mary Barr,jonathancrawford@hotmail.com,+1-550-707-3478x507,Riceside,Sudan,61.0,Male,2022-01-13,Pensions consultant,86935.97
Joseph Montgomery,hansenashley@torres.com,001-769-303-3694x397,South Susanfurt,Macedonia,57.0,Female,2021-03-17,,86935.97
Michelle Cervantes,erin04@riley-yang.net,001-126-530-0134x5199,Gonzalezside,Northern Mariana Islands,39.0,Other,2021-01-31,,86935.97
Toni Caldwell,andersonlacey@lewis.com,(404)295-9871,Port Jessicabury,British Indian Ocean Territory (Chagos Archipelago),44.0,Male,2022-05-03,Pensions consultant,86935.97
Brittney Steele,rodneyrodriguez@yahoo.com,413.823.8259x416,Port Jefferyport,France,52.0,Male,2023-12-13,Pensions consultant,86935.97
Christina Rios,megancobb@hotmail.com,+1-014-745-4457x054,Sandrafort,Bhutan,18.0,Female,2022-04-06,,86935.97
Katie Rivera,dclarke@austin.com,001-196-530-5126,South Pennyton,Seychelles,52.0,Male,2024-06-05,Pensions consultant,86935.97
Matthew Boone,,693-886-2982,Thomasfort,Honduras,54.0,Other,2021-06-27,Pensions consultant,86935.97
Jeffery Mitchell,jrodriguez@chavez-ruiz.com,(765)611-8771,Hugheschester,Sri Lanka,64.0,Other,2024-02-25,,86935.97
Joseph Rosales,michelebarnett@yahoo.com,+1-879-708-3432x96617,Lake Karen,Angola,31.0,Male,2021-12-23,,86935.97
Anthony Little,pamelagarcia@yahoo.com,978-432-0048,Muellermouth,Latvia,20.0,Male,2023-08-22,Pensions consultant,86935.97
Joshua Rojas,moralesbrian@yahoo.com,,Johnland,Jersey,18.0,Female,2021-12-12,Pensions consultant,86935.97
Bryan Roberts,michaelwalsh@yahoo.com,+1-676-127-8358,Williamsberg,Argentina,22.0,Other,2023-04-16,Pensions consultant,86935.97
Mrs. Julie Short,vmeyer@thompson-harris.com,001-521-129-0905,Port Paul,Canada,43.0,Other,2022-03-05,Pensions consultant,86935.97
Lisa Robertson,alexandra35@lucas.org,821.118.5919x622,New Nicoleland,Timor-Leste,31.0,Male,2024-07-14,Pensions consultant,86935.97
Jasmine Green,carol95@murphy.info,507.809.9640,New Deborah,Honduras,56.0,Female,2023-12-25,Pensions consultant,86935.97
Sara Moon,christine46@hotmail.com,444.609.6480x1355,New Thomasview,China,44.0,Other,2024-10-25,Pensions consultant,86935.97
Julia Leon,amanda93@gmail.com,698-760-6077x102,West Robertfurt,Mauritania,26.0,Other,2020-12-18,Pensions consultant,86935.97
Danny Stephens,,861-966-5695,East Edgar,French Southern Territories,32.0,Female,2020-12-10,Pensions consultant,
Erika Robinson,christinenicholson@gmail.com,001-750-234-9524,Normanfurt,Pitcairn Islands,32.0,Female,2021-07-26,Pensions consultant,86935.97
Ryan Johnson,pjohnson@lewis.com,(920)313-2734x346,Dennisshire,Swaziland,43.0,Other,2021-10-18,,86935.97
Jennifer Montgomery,nicole44@jensen.com,(490)728-8162,Cummingsshire,Gabon,59.0,Other,2023-01-05,Pensions consultant,86935.97
James Wallace,danielle06@adkins.org,989-224-5738,Brittanyville,Iran,,Female,2024-02-25,Pensions consultant,86935.97
Jason Montgomery,charlesnguyen@yahoo.com,406.549.1566x996,Granttown,Morocco,49.0,Other,2023-05-11,Pensions consultant,86935.97
Michelle Cortez,elizabeth12@hotmail.com,+1-592-472-4744x03605,South Meganshire,Iraq,56.0,Male,2021-07-11,Pensions consultant,86935.97
Emily Hudson,fduran@davenport.com,0302830284,Bookertown,Moldova,49.0,Male,2021-04-17,Pensions consultant,86935.97
Dr. Jack Wade,davisthomas@yahoo.com,001-213-235-5404,Allenville,Saint Lucia,21.0,Female,2020-09-05,Pensions consultant,86935.97
Kenneth Cuevas,holly71@hotmail.com,+1-546-631-1221x1204,Andrewmouth,Chile,,Female,2021-09-24,Pensions consultant,
Charles Lynch,salinasjoshua@yahoo.com,(700)267-0476,Samanthastad,Isle of Man,54.0,Female,2021-09-18,Pensions consultant,
Robert Beck,david07@sanford.com,935-605-8340x2784,New Aaronstad,Saudi Arabia,40.0,Male,2024-12-14,Pensions consultant,86935.97
Kent Sharp,achristensen@shaffer.com,001-345-586-3196x376,Ashleystad,Cayman Islands,56.0,Other,2021-12-21,Pensions consultant,86935.97
Scott Wallace,tweiss@howell-horn.com,,South Erik,Namibia,62.0,Male,2022-12-26,,86935.97
Samuel Porter,kaylaellis@ruiz-watson.com,964.859.1001,Stevensborough,Aruba,32.0,Other,2023-04-14,Pensions consultant,86935.97
Priscilla Velasquez,fphillips@hotmail.com,715-817-5934x474,New Ericmouth,Italy,60.0,Male,2021-04-05,Pensions consultant,86935.97
Victoria James,iwhite@hotmail.com,005.224.4181x016,South Danielburgh,Bahrain,46.0,Other,2022-03-13,Pensions consultant,86935.97
Robert Miller,elliotttodd@hotmail.com,+1-904-717-3982x3141,South Stevenburgh,Tunisia,53.0,Male,2021-01-04,Pensions consultant,86935.97
Christian Phillips,abbottpeter@hotmail.com,999.862.6295x0821,Port Jamieside,Spain,30.0,Female,2023-03-29,Pensions consultant,86935.97
Linda Powers,,198.306.7324x6411,Adambury,Monaco,49.0,Male,2021-02-19,Pensions consultant,86935.97
Dr. Brittany Jones,daniel91@yahoo.com,+1-074-917-8366x127,Maxwellville,Italy,24.0,Other,2023-07-27,,86935.97
Cynthia Moore,carriesmith@yahoo.com,+1-672-166-8109x407,Louisburgh,Guatemala,39.0,Male,2021-05-18,Pensions consultant,86935.97
Joshua Graham,nbates@gmail.com,271.410.8114x223,South William,Togo,45.0,Male,2023-11-25,Pensions consultant,86935.97
Deborah Mora,patrickellis@gmail.com,166-872-7545,East Christy,San Marino,19.0,Male,2023-04-05,Pensions consultant,86935.97
Regina Wood,hernandezjesus@yahoo.com,+1-852-936-5620,New Deniseberg,Luxembourg,59.0,Female,2022-06-30,,
Rhonda Hayes,brandon21@rivera.org,079.135.9300x291,Alexandrabury,Egypt,,Male,2025-03-28,Pensions consultant,86935.97
Bruce Mercado,cward@page.com,(439)582-2110x257,West Bradymouth,Eritrea,23.0,Female,2021-02-05,Pensions consultant,86935.97
Cynthia Mathis,fclark@lowe.com,368-133-0389,Port Alexborough,Chad,45.0,Female,2022-05-07,Pensions consultant,86935.97
Lee Haynes,caitlin10@mitchell.com,959.788.4294x8672,North Melanie,Senegal,45.0,Male,2024-06-15,Pensions consultant,86935.97
David Wright,robertwallace@gmail.com,628-584-9901x293,West Cathy,Korea,61.0,Male,2024-08-20,Pensions consultant,86935.97
Tonya Dominguez,jessica39@gray.com,065-280-0032x83006,Morrowside,San Marino,61.0,Male,2021-12-14,,86935.97
Christopher Porter,richardlee@hughes.org,529.253.7151,Nicoleborough,French Southern Territories,37.0,Other,2024-03-19,Pensions consultant,86935.97
Sara Jones,xlewis@edwards.com,001-285-109-7879x068,Christinahaven,Palau,47.0,Male,2022-05-28,Pensions consultant,
Patrick Giles,,117.699.8863x40121,Lake Nicholasside,Antarctica (the territory South of 60 deg S),28.0,Female,2021-08-09,Pensions consultant,86935.97
Charles Hanson,joshua24@hotmail.com,+1-066-718-3563x8238,Lake Lisaton,Belgium,45.0,Male,2024-01-29,Pensions consultant,86935.97
Jessica Morgan,uhamilton@bowers-scott.com,9173863037,Rebeccabury,Croatia,42.0,Other,2024-06-18,Pensions consultant,86935.97
Regina Manning,brittanysullivan@huffman.net,+1-412-134-2642,Millstown,Jordan,56.0,Male,2024-12-09,Pensions consultant,
Tammy Parker,karina07@gmail.com,(545)995-8250x6447,New Michaelton,Kiribati,50.0,Other,2022-02-23,Pensions consultant,86935.97
Dustin Sanders,rileydonna@hotmail.com,334-158-2993x58049,Gateshaven,Cambodia,18.0,Other,2023-05-11,Pensions consultant,86935.97
Katherine Taylor,jessicacoleman@brown.com,886.771.2794,Lake Brianfurt,Korea,44.0,Male,2023-02-21,Pensions consultant,86935.97
Evelyn Montes,jlawson@hawkins-lee.com,741-408-6581,Randytown,Pitcairn Islands,30.0,Female,2023-01-18,Pensions consultant,86935.97
Robin Hopkins,xrich@perry.com,146.207.9563,East Courtney,Bahamas,58.0,Other,2021-12-06,Pensions consultant,86935.97
Ruth Petty,qcontreras@gmail.com,155-315-7175,Brayburgh,Palestinian Territory,20.0,Male,2022-12-13,Pensions consultant,86935.97
Douglas Johnson,lpadilla@cooke.com,490-937-7587,North Christopher,Mauritius,56.0,Male,2022-05-31,Pensions consultant,
David Garza,kaiserdavid@yahoo.com,975.591.5952,North Michael,Brunei Darussalam,23.0,Female,2022-05-13,Pensions consultant,86935.97
Tyrone Johnson,david85@hotmail.com,251.398.9501x473,Kelseyberg,Montserrat,25.0,Other,2024-10-19,,86935.97
Christina Nash,wendy19@joyce.info,(821)933-8618x04923,Berryberg,Tanzania,44.0,Other,2020-11-08,,
Angela Collins,browntracy@huang.com,(074)102-3560x626,Chambersview,Colombia,26.0,Male,2024-09-26,Pensions consultant,86935.97
Anthony Jackson,lindsey09@hotmail.com,(690)472-6836x367,Craneport,Singapore,54.0,Male,2024-02-26,Pensions consultant,86935.97
Erin Johnson,richardsonmatthew@johnson-knapp.org,779.867.4487,New Kelsey,Solomon Islands,50.0,Female,2023-08-04,Pensions consultant,86935.97
Colleen Vega,richardsonoscar@hotmail.com,7489867970,Port Alexisland,Indonesia,59.0,Female,2022-07-19,Pensions consultant,86935.97
David Perez,ethomas@cox.info,985.914.1747,West Amy,Montenegro,61.0,Other,2021-01-04,Pensions consultant,86935.97
John Peck,kaylachristensen@kemp-gilbert.info,0542482989,Lake Krystal,Nepal,41.0,Other,2023-05-08,Pensions consultant,86935.97
Michael Dominguez,matthewmatthews@barnes.com,(301)195-4446x54172,Hurleymouth,Cocos (Keeling) Islands,32.0,Male,2022-11-01,Pensions consultant,86935.97
Christopher Lewis,kallen@garcia.biz,558-409-0892x47938,Sarahberg,Tunisia,49.0,Other,2020-09-19,Pensions consultant,86935.97
Pamela Schmidt,salazarroberta@hotmail.com,+1-082-186-5808x616,Perrychester,Bermuda,49.0,Female,2023-07-03,Pensions consultant,86935.97
Cameron Johnson,jasonbates@potter.com,3512151861,Gonzalezbury,Slovakia (Slovak Republic),41.0,Female,2024-04-03,Pensions consultant,86935.97
Andrea Perez,hallthomas@gmail.com,(749)931-6543,Tannermouth,Belarus,58.0,Male,2021-03-03,Pensions consultant,86935.97
Mary Grant,kevincox@sanchez.com,001-428-440-8312x78463,Jillfort,Gibraltar,29.0,Female,2022-09-29,Pensions consultant,
Sandra Rose,gardnerjoe@yahoo.com,+1-419-491-3328x255,South Markmouth,Micronesia,56.0,Female,2025-02-06,Pensions consultant,86935.97
Chad Davidson,summerroach@yahoo.com,(584)258-8324x0543,Laneville,New Caledonia,19.0,Female,2020-11-21,Pensions consultant,86935.97
Gary Kemp,michaelmartinez@yahoo.com,(345)674-8874,West Williamville,Montserrat,20.0,Female,2023-01-18,Pensions consultant,86935.97
Danielle Green,tristan24@hotmail.com,,South Micheal,Botswana,54.0,Male,2021-05-01,Pensions consultant,86935.97
Lisa Orozco,espinozaalexandra@gmail.com,(504)366-5820x4323,Colemanmouth,France,34.0,Male,2021-01-06,Pensions consultant,86935.97
Jordan Castillo,theresajackson@gmail.com,870.620.1622x8288,Colefort,Netherlands,19.0,Other,2025-06-01,Pensions consultant,
Autumn Walls,stephanie36@yahoo.com,+1-924-140-7758x476,South Brandonshire,Egypt,19.0,Female,2023-04-10,Pensions consultant,86935.97
Tammy Lewis,misty55@kramer.biz,001-665-135-6307x36937,Blanchardfort,French Polynesia,45.0,Other,2024-08-08,Pensions consultant,86935.97
David Holland,karen54@hotmail.com,744-604-3196x4185,South John,Algeria,40.0,Male,2021-07-26,Pensions consultant,86935.97
Hannah Beltran,btaylor@hotmail.com,+1-300-494-3070x276,Tracyfurt,Puerto Rico,54.0,Male,2022-01-30,,86935.97
James Walton,huynhdebbie@hernandez-harris.net,774.696.1225x7219,Joneston,Nepal,49.0,Male,2022-05-13,Pensions consultant,86935.97
Alison Finley,michael91@perry-campbell.biz,(884)024-0595,Nelsonhaven,China,50.0,Male,2020-07-03,Pensions consultant,86935.97
Patrick Small,sabrinaholloway@johnson.com,613.866.2974x087,Jillianside,Zambia,18.0,Male,2021-08-25,Pensions consultant,86935.97
Brian Phillips,omcdaniel@yahoo.com,776.487.3766,West Elizabethbury,Papua New Guinea,36.0,Male,2024-03-09,Pensions consultant,86935.97
Austin Estrada,sjohnson@yahoo.com,878.782.9663,North Jamesfort,Uruguay,19.0,Male,2020-07-09,Pensions consultant,86935.97
Wesley Parker,usmith@yahoo.com,(265)316-3299,Summersfurt,Bangladesh,61.0,Female,2021-07-01,,86935.97
Douglas Watson,mariah80@fleming.com,3890525384,Seanmouth,Guadeloupe,,Other,2024-09-21,Pensions consultant,86935.97
Gloria Walker,cartertyler@hotmail.com,783.465.4420x2359,Jamesfurt,Chad,49.0,Male,2023-01-02,Pensions consultant,86935.97
Stanley Shaffer,stanleymelanie@yahoo.com,1889714904,South David,Bosnia and Herzegovina,23.0,Female,2023-07-20,Pensions consultant,86935.97
Robert Hanson,ddeleon@gmail.com,712-023-8575,Ericksonfurt,Uzbekistan,49.0,Female,2023-10-05,Pensions consultant,86935.97
Victoria Williams,qwhite@torres.net,+1-972-343-5870x258,Jasmineville,Morocco,21.0,Other,2021-12-28,Pensions consultant,86935.97
Alvin Miller,thomasholden@gmail.com,(004)940-2816,North Ashleymouth,Sweden,28.0,Male,2025-03-23,Pensions consultant,86935.97
Mrs. Carolyn Choi MD,omartin@morrow-hendricks.biz,093.274.8672,Davidshire,Austria,34.0,Other,2020-11-23,Pensions consultant,86935.97
Joseph Davis,durhamtristan@gmail.com,(246)800-4363,Troyshire,Lebanon,55.0,Male,2024-07-02,,86935.97
Thomas Williamson Jr.,seanlee@allen-hernandez.com,361-934-7173x636,Gatesport,Gibraltar,41.0,Female,2023-02-23,Pensions consultant,86935.97
Robin Keller,kimedwards@holmes.com,482-694-3415x11069,Claireland,Guinea,,Female,2021-01-11,Pensions consultant,86935.97
Tiffany Obrien,valenzuelabrandon@ross.com,001-180-307-2403,South Elizabeth,Peru,51.0,Female,2025-04-06,Pensions consultant,86935.97
Jason Franco,samantha11@stevens-davis.com,(711)318-1063x44933,Ericland,Luxembourg,23.0,Female,2022-11-12,Pensions consultant,86935.97
Tina Anthony,bcampbell@woods-davis.org,,Lake Alexander,Niger,39.0,Other,2025-01-13,Pensions consultant,86935.97
Rachel Bell,jennifer82@holland.com,9214388431,Port Brent,Portugal,28.0,Male,2021-07-10,Pensions consultant,86935.97
Cheryl Reyes,ymcdonald@gmail.com,321-621-3494x590,Juliebury,Mongolia,33.0,Male,2022-10-17,Pensions consultant,86935.97
Justin Norris,terryjesse@reid.com,642.543.7967x6507,West Robertbury,Liechtenstein,50.0,Other,2024-05-14,Pensions consultant,86935.97
Kenneth Williams,garciaandrew@yahoo.com,(991)418-1648x5468,South Brittany,Yemen,26.0,Male,2024-08-03,Pensions consultant,
Robert Baxter,williamserica@gmail.com,,Espinozashire,Namibia,23.0,Female,2025-01-17,Pensions consultant,86935.97
Dennis Cameron,joshuabrown@hotmail.com,,Morrismouth,New Zealand,33.0,Male,2022-12-31,Pensions consultant,86935.97
Carol Campos,courtney09@rush-graham.com,019.106.7545x610,South Ryanfurt,Bhutan,46.0,Female,2023-07-01,,86935.97
Richard Miller,,001-195-541-2070x9438,Jayfort,Congo,20.0,Other,2022-04-12,Pensions consultant,
Kim West,loriclark@combs.net,(182)677-3244x692,Lake Danielleview,Barbados,37.0,Male,2025-01-13,Pensions consultant,86935.97
Amy Terry,steven51@mccoy.info,027.329.2376,East Paigeborough,Jamaica,53.0,Other,2024-05-29,,86935.97
Rhonda Cunningham,cmeyer@gmail.com,(602)765-3677,North Gregoryport,Madagascar,36.0,Male,2023-05-27,Pensions consultant,86935.97
Kellie Gibson PhD,robbinsrenee@gmail.com,001-543-823-8232,South Biancashire,Belize,43.0,Female,2022-01-11,,86935.97
Raymond Padilla,ksmith@haney-smith.com,+1-257-692-2629,Amandaborough,Somalia,20.0,Other,2021-07-20,Pensions consultant,
Keith Marshall,morgan97@gmail.com,072-852-2303x810,Port Nicole,Turkmenistan,36.0,Male,2023-04-24,Pensions consultant,
Caleb Schroeder,erika85@smith-johnson.com,624.763.7044,Donnaburgh,Slovakia (Slovak Republic),37.0,Female,2022-03-05,Pensions consultant,86935.97
Tiffany Schmidt,,(575)629-2582x85795,New Justintown,Guadeloupe,49.0,Other,2025-03-02,Pensions consultant,
Alex Parker,thomas66@yahoo.com,101-219-5715,Julieland,Rwanda,24.0,Other,2023-03-24,Pensions consultant,86935.97
Miranda Williams,castillomichael@jarvis.com,297-201-0004,West Paulfort,Saint Kitts and Nevis,58.0,Male,2023-07-09,Pensions consultant,86935.97
Brandi Baker,heidi53@moran.net,+1-195-200-1385,Port Amyville,Norfolk Island,50.0,Male,2020-10-02,Pensions consultant,86935.97
George Ramirez,pwalters@morris.com,114.509.3820x2730,South Stephaniefurt,Heard Island and McDonald Islands,57.0,Male,2022-06-20,Pensions consultant,86935.97
Catherine Wade,,+1-281-573-1784x94664,North Elizabeth,Germany,56.0,Female,2024-03-09,Pensions consultant,86935.97
Amanda Mills,charlessmith@yahoo.com,+1-375-039-6947x48169,Margaretchester,Cook Islands,35.0,Male,2021-12-21,,86935.97
Sara Hawkins,dmoore@yahoo.com,+1-220-677-8053,Wilsonberg,Turks and Caicos Islands,57.0,Other,2022-12-09,Pensions consultant,86935.97
Joshua Serrano,angelawilliams@everett.com,1125730497,Port Brandon,Netherlands Antilles,18.0,Other,2022-03-20,Pensions consultant,86935.97
Deanna Atkins,helenkelley@wagner.com,707.763.9196,New Fernandoside,Congo,28.0,Male,2022-03-29,Pensions consultant,86935.97
John Hartman,lauren02@mercer-fleming.info,(305)072-6423x8678,Donnabury,Paraguay,45.0,Male,2023-12-17,Pensions consultant,86935.97
Dana Morris DVM,morganelizabeth@white.org,+1-761-612-0321,Gillshire,Bulgaria,42.0,Other,2024-12-21,,86935.97
Wesley Downs,bryantmichael@hotmail.com,086.015.7744x035,New Tracey,Timor-Leste,40.0,Female,2024-02-11,Pensions consultant,86935.97
Paul Craig PhD,lindaschmidt@hotmail.com,(266)764-9115,Jamesland,Germany,48.0,Male,2022-06-10,Pensions consultant,
Michael Campos,donna46@hicks.info,001-224-270-9206x022,Haleystad,Bermuda,47.0,Male,2024-05-21,Pensions consultant,86935.97
Andrew Harrell,dennismontoya@hotmail.com,+1-987-498-0575x978,East Scottmouth,Uzbekistan,59.0,Other,2023-12-30,Pensions consultant,86935.97
Susan Fernandez,ginaesparza@yahoo.com,011-246-5316x748,Lake Vanessamouth,Guinea-Bissau,52.0,Male,2021-06-17,Pensions consultant,86935.97
Melissa Prince,syoung@phillips.com,001-455-883-9183x1045,South Aliciachester,Indonesia,24.0,Female,2024-12-02,Pensions consultant,86935.97
Brittany Chavez,enelson@gmail.com,805-119-1797,Cooperbury,Lao People's Democratic Republic,33.0,Other,2024-07-30,Pensions consultant,86935.97
Jessica White,matthewwilcox@soto-allen.com,,West Grant,Hungary,43.0,Male,2024-01-02,Pensions consultant,86935.97
Patrick Lucas,baileycollins@yahoo.com,001-848-036-3826x51605,North Brianshire,Djibouti,19.0,Other,2025-01-04,Pensions consultant,86935.97
Jose Kim,wrightmichael@martin.net,+1-235-311-5221x3743,New Codyport,Falkland Islands (Malvinas),18.0,Male,2024-04-02,,
Jackie Thomas,millerbobby@hotmail.com,(316)349-6617x405,Davishaven,Austria,29.0,Male,2022-02-23,,86935.97
David Sanders,heather91@meyer-hardy.com,923-683-5743,New Melissa,Tunisia,22.0,Male,2024-01-29,Pensions consultant,86935.97
Dr. Jackson Strong,kfrey@farmer.info,055-330-4677x29032,Staffordland,Sudan,54.0,Female,2025-05-04,Pensions consultant,86935.97
Gabriella Cross,howardnathan@hotmail.com,951.076.6708x3601,North Cameron,United States Minor Outlying Islands,49.0,Female,2021-04-13,Pensions consultant,86935.97
Oscar Simmons,kennethwilliams@yahoo.com,744-148-5152x194,Rachelfurt,Uruguay,26.0,Other,2023-03-02,Pensions consultant,86935.97
Frank Mayer,,+1-806-066-8909x7828,Williamview,Hungary,58.0,Male,2023-07-31,,86935.97
Alyssa Vasquez,catherine01@hansen.info,+1-866-635-4971x90343,Pricetown,Indonesia,52.0,Male,2023-02-07,Pensions consultant,
Charles Weaver,jack96@yahoo.com,(225)489-4481x76844,New Joshuafort,Norfolk Island,36.0,Female,2024-02-25,Pensions consultant,86935.97
Travis Suarez,,(938)442-8548,New Ryan,Montenegro,33.0,Male,2021-04-21,Pensions consultant,86935.97
Ryan Woods,zwashington@gmail.com,2799731195,Hannahchester,Norway,20.0,Female,2021-05-20,Pensions consultant,86935.97
Kyle Edwards,jenniferalvarez@holloway.com,489.362.0378,Lake Kayla,Malaysia,37.0,Male,2021-05-13,Pensions consultant,86935.97
Veronica Lambert,matthewmurphy@hotmail.com,838.610.5774,Smithmouth,Suriname,41.0,Other,2021-10-18,Pensions consultant,86935.97
Ryan Clark,vmaxwell@holt.com,163-737-7313,Ryanborough,Bahrain,50.0,Male,2021-02-21,Pensions consultant,86935.97
Kathy Williams,nnelson@gmail.com,(121)580-0462x1712,Lake Kristyland,Bahamas,41.0,Male,2025-02-20,Pensions consultant,86935.97
Tyler Blanchard,juliawinters@nelson.com,949.038.6730,Lake Jasmineland,Sweden,28.0,Female,2022-05-04,Pensions consultant,86935.97
Matthew Williams,ufisher@yahoo.com,001-373-058-0648x748,Bishopbury,Vietnam,25.0,Male,2024-08-28,Pensions consultant,
Christopher Ballard,julie60@garcia-smith.com,001-438-269-5480,Cookport,Rwanda,53.0,Male,2024-01-07,Pensions consultant,86935.97
Amanda Duncan,ericamcintosh@yahoo.com,074.615.0468,Martinside,Iran,55.0,Female,2022-10-23,Pensions consultant,
Justin Tate,jonathangiles@yahoo.com,001-771-358-3190x143,West Davidstad,Norway,57.0,Other,2022-02-23,Pensions consultant,86935.97
Omar Smith,haydenanthony@murphy.biz,804.131.5996,East Nataliemouth,Lesotho,37.0,Other,2022-01-13,Pensions consultant,86935.97
Justin Cross,samuel81@hotmail.com,+1-021-857-5353x522,Cynthiaberg,Zimbabwe,52.0,Female,2024-11-20,Pensions consultant,86935.97
Melissa Graham,logan79@king.com,+1-340-055-1138x626,Lake Jonathan,Morocco,,Female,2023-06-23,Pensions consultant,86935.97
Michael Smith,hernandezbrian@hotmail.com,237-886-8907,North Makayla,Solomon Islands,52.0,Female,2025-04-16,Pensions consultant,86935.97
Ronald Taylor,jonesnicole@perry-howell.com,5159653553,Williamsside,Dominican Republic,42.0,Female,2022-07-16,,86935.97
Samantha Warren,aaronbailey@hotmail.com,694-415-9623x94653,Paigeland,Kyrgyz Republic,46.0,Female,2023-10-01,Pensions consultant,86935.97
Danny Stokes,rachael66@vargas.com,,Martinezport,French Guiana,35.0,Other,2024-03-06,Pensions consultant,86935.97
Nancy Lee,jessicathompson@yahoo.com,,Lake Ruthland,Solomon Islands,63.0,Other,2024-03-07,Pensions consultant,86935.97
Tracy Morales,markbennett@yahoo.com,672-076-8532x873,New Robinhaven,Lebanon,35.0,Female,2021-03-12,Pensions consultant,86935.97
April Richards,kellihenderson@yahoo.com,+1-357-804-5147x3035,New Julie,Norway,19.0,Male,2022-11-30,Pensions consultant,86935.97
Gina Prince,wedwards@yahoo.com,003.124.9613x9353,Youngstad,Vietnam,52.0,Female,2021-06-26,Pensions consultant,86935.97
Richard Medina,benjaminluna@cohen.org,(975)946-6314,Timothyborough,Spain,33.0,Male,2021-11-08,Pensions consultant,86935.97
Laurie Garza,jdiaz@gmail.com,,Websterview,Cambodia,58.0,Female,2025-01-22,Pensions consultant,86935.97
Kenneth Murphy,,+1-543-620-3744x3373,Stevenmouth,French Southern Territories,53.0,Female,2021-11-30,Pensions consultant,86935.97
Eugene Kent,berrydaisy@price.com,(149)047-5386,New Anthony,Hong Kong,50.0,Other,2024-08-31,Pensions consultant,86935.97
Jackson Hartman,george68@yahoo.com,(942)526-1299,Cookstad,Thailand,21.0,Male,2020-08-05,Pensions consultant,86935.97
Nina Manning,snyderjason@flores-warren.com,741.813.2424,South Jonathon,Mozambique,,Male,2023-08-03,Pensions consultant,86935.97
Vicki Butler,pcastro@hotmail.com,369-009-9786x2015,Port Carol,Pakistan,31.0,Other,2024-01-16,Pensions consultant,86935.97
Miranda Nolan,jefferymata@sullivan-sandoval.net,(525)277-7307x358,East Cherylmouth,Saudi Arabia,38.0,Other,2021-06-22,Pensions consultant,86935.97
Regina Sutton,,852.727.9705,South Annette,Philippines,37.0,Other,2022-06-05,Pensions consultant,86935.97
Brandi Anderson,rodneygill@hamilton.net,(224)984-4988,North Briana,Saint Kitts and Nevis,25.0,Other,2024-07-31,Pensions consultant,86935.97
Teresa Foster,jchavez@gonzales.com,+1-214-445-8523,Port Gailview,Denmark,24.0,Male,2022-12-23,Pensions consultant,86935.97
Sheila Moses,amypalmer@robinson-ellis.com,(735)566-2463x0777,Ellisonhaven,Guatemala,20.0,Male,2020-12-26,Pensions consultant,86935.97
Deanna Smith,henry98@hotmail.com,479.872.9954x18619,Mariamouth,Mali,34.0,Female,2022-10-26,Pensions consultant,86935.97
Donald Brown,adamnelson@hotmail.com,3719524156,New Alexander,Cook Islands,50.0,Female,2023-06-26,Pensions consultant,86935.97
Max Simmons,psuarez@gmail.com,001-356-016-8643x6262,Sheribury,Lithuania,29.0,Other,2022-06-04,Pensions consultant,86935.97
Samantha Wright,brianlong@perez.com,1586511143,East Jacob,United States of America,39.0,Other,2024-10-09,Pensions consultant,86935.97
Travis Foster,fgrant@fox-reynolds.info,(962)227-7587x147,Humphreyport,Montenegro,,Other,2024-12-31,Pensions consultant,86935.97
Cynthia Ward,tracybanks@yahoo.com,001-426-317-2414x47950,East Sherry,Kyrgyz Republic,63.0,Female,2024-04-03,Pensions consultant,86935.97
Mrs. Stephanie Rice,joseph73@hotmail.com,+1-726-897-3435,Rosetown,Timor-Leste,47.0,Female,2023-12-01,,86935.97
Samantha Jones,melissa28@black.com,(518)416-8108x47211,East Josephland,Saint Kitts and Nevis,55.0,Female,2021-04-28,Pensions consultant,86935.97
Patrick Alvarez,,001-734-116-8493x65820,Belltown,Dominican Republic,55.0,Female,2025-05-16,,86935.97
Colleen Edwards,mgarcia@gmail.com,(175)671-6003x0560,Glennberg,Bahamas,62.0,Female,2022-06-06,Pensions consultant,86935.97
Kelly Chandler,,924-606-6538x294,Brettburgh,Nigeria,25.0,Female,2023-07-09,Pensions consultant,86935.97
Cynthia Bell,victoriavazquez@ewing.net,521.873.3449x97245,Lake Jeffrey,Mongolia,44.0,Female,2023-04-25,Pensions consultant,86935.97
Jonathan Martinez,ryoung@hotmail.com,590-265-5860x432,Port Chris,Vanuatu,44.0,Other,2020-11-27,,86935.97
Parker Morton,schroederralph@taylor-miller.org,001-843-963-4646x5931,Martinezside,Cape Verde,51.0,Other,2022-06-14,Pensions consultant,86935.97
Nicole Hernandez,brianna17@yahoo.com,001-411-818-3860,Kevinport,Malta,38.0,Other,2024-05-05,Pensions consultant,86935.97
Susan Hernandez,isaiah23@gmail.com,+1-811-048-3757x014,North Stephaniefort,Haiti,47.0,Other,2022-07-11,Pensions consultant,86935.97
Cole Fernandez,thomas67@forbes.com,+1-741-676-8331,Leahfort,French Guiana,50.0,Female,2020-09-19,Pensions consultant,86935.97
Robert Walker,,769-576-0618,South Donna,Sri Lanka,45.0,Male,2022-12-22,Pensions consultant,86935.97
Julia Medina,,818.188.2796,East Kathryn,Netherlands Antilles,,Female,2023-06-30,Pensions consultant,86935.97
Nicholas Stephens,timothykim@davis.com,+1-400-440-9301x08959,North Richard,Pakistan,50.0,Male,2023-01-08,Pensions consultant,86935.97
George Berger,jburton@turner-rivera.com,(493)276-3039x221,Nancyview,Martinique,22.0,Other,2023-09-24,Pensions consultant,86935.97
Joseph Woodard,samantha90@hotmail.com,813-100-7976x11084,Port Matthewchester,Tanzania,36.0,Female,2021-12-29,,
Andrea Olson,thompsonmary@watson.info,433-580-1751,East Shannonland,Armenia,21.0,Other,2024-02-23,,86935.97
Kenneth Myers,rburton@garcia.com,770.786.8517,Jamesville,Cape Verde,52.0,Female,2023-02-02,Pensions consultant,86935.97
Katie Rogers,fho@price.org,+1-285-587-7681x901,West Alanbury,Netherlands,34.0,Other,2022-04-17,Pensions consultant,86935.97
John Keith,kathy95@hotmail.com,(679)348-2299x894,Joshuamouth,Serbia,61.0,Male,2024-02-18,,86935.97
Mary Nguyen,kenneth98@gmail.com,464.233.3062x6465,Courtneymouth,Puerto Rico,45.0,Male,2023-03-07,Pensions consultant,86935.97
Jessica Stephenson,wendy19@hotmail.com,001-876-691-0238x44068,Marymouth,United Kingdom,47.0,Male,2022-05-24,Pensions consultant,86935.97
Karen Wilson,wongscott@gmail.com,+1-953-787-5363x26134,Conleyfurt,Guam,46.0,Female,2025-01-29,,
Michele Neal,ymcdonald@sanders.com,(512)143-4533x7228,Ashleyton,Algeria,63.0,Male,2021-12-30,Pensions consultant,86935.97
Kenneth Logan DVM,harrishannah@bennett-martinez.com,(306)080-1727x912,Lake Jennifertown,Iraq,,Female,2024-05-13,Pensions consultant,
Carl Roberts,eugene63@hotmail.com,031.133.2629,Taraport,Czech Republic,52.0,Male,2023-11-10,Pensions consultant,86935.97
Amanda Daniels,,001-407-142-1309x3476,Mitchellshire,Georgia,58.0,Male,2021-11-03,,86935.97
Kevin Patel,pray@hotmail.com,(253)239-3233x0341,South Michaelchester,Poland,54.0,Female,2023-08-06,,86935.97
Robert Martinez,bowersoscar@alvarez.biz,8478177532,Port William,French Guiana,41.0,Female,2024-12-25,,86935.97
Holly Castillo,vcrawford@hotmail.com,138-105-8808x1912,West Paulville,Western Sahara,46.0,Male,2025-01-05,Pensions consultant,86935.97
Nathan Vega,galvanrobert@henderson.com,001-844-881-2125x44949,Jackchester,Philippines,63.0,Female,2021-01-17,,86935.97
Richard Elliott,hollowayeric@nelson.com,+1-866-437-9383x570,Brendaland,Palau,48.0,Male,2021-04-21,Pensions consultant,86935.97
Lance Bailey,jeffreytaylor@king.net,988.345.3431x331,North Anthonyberg,Korea,52.0,Female,2022-07-12,Pensions consultant,86935.97
Bethany Duffy,lhall@cole.org,001-401-489-3285x895,South Christopher,Palestinian Territory,50.0,Other,2021-03-10,Pensions consultant,86935.97
Raymond Carpenter,johnsonkatherine@hotmail.com,762.615.4878,Zacharyshire,Heard Island and McDonald Islands,38.0,Other,2023-12-10,Pensions consultant,86935.97
Christopher Nelson,ofrazier@jones.com,553-868-1524x115,New Andrew,United Arab Emirates,49.0,Other,2022-11-18,Pensions consultant,86935.97
Michael Johnson,,263.025.8373x48329,West Cindy,Canada,40.0,Other,2022-12-21,Pensions consultant,86935.97
Bryan Lucas,dominique50@franklin.biz,(474)168-6768,Christophertown,Rwanda,50.0,Other,2023-01-28,Pensions consultant,86935.97
Ashley Leonard,mary29@medina-kim.com,934.705.8366,Angelaberg,Guatemala,20.0,Male,2022-01-03,Pensions consultant,86935.97
Andre Jones DDS,jennifermitchell@smith-lee.com,001-543-895-1586x3639,Gloverburgh,Mayotte,35.0,Other,2022-09-22,Pensions consultant,86935.97
Carla Casey,onealthomas@yahoo.com,+1-379-090-4056x46109,Flemingberg,Saint Barthelemy,42.0,Other,2020-12-24,Pensions consultant,86935.97
Tony Zuniga,jamiekrause@clarke.com,(942)225-0421x39140,Romeroburgh,Russian Federation,59.0,Other,2022-10-14,Pensions consultant,86935.97
Lisa Mann,lbishop@garcia.com,3108552434,North Jesseville,Kiribati,48.0,Other,2024-10-08,Pensions consultant,86935.97
Elizabeth Wagner,savagegerald@perry-ball.net,+1-565-431-0665,New Jesus,Trinidad and Tobago,20.0,Female,2021-02-23,Pensions consultant,86935.97
David Smith,hendersonlaura@gmail.com,(959)082-1443,Lake David,Macedonia,57.0,Male,2024-01-30,Pensions consultant,86935.97
Frank White,raygerald@yahoo.com,155.902.7552,West Ashley,Ukraine,63.0,Other,2020-09-18,Pensions consultant,86935.97
Ms. Rebecca Mcdonald,brandy43@reynolds-blackwell.com,,Brendashire,Montserrat,41.0,Other,2024-12-20,Pensions consultant,86935.97
Richard Gardner,uroberts@nelson.com,1986456810,Parksview,Turks and Caicos Islands,,Other,2024-03-30,Pensions consultant,
Cynthia Morales,davidbaker@flynn.org,515-244-6342x447,Williamtown,British Virgin Islands,64.0,Male,2024-10-02,,86935.97
Jessica Coleman,aquinn@parks.com,001-765-149-9640x8132,New Mollyville,Colombia,,Female,2020-12-14,Pensions consultant,86935.97
John Rodriguez,cindy54@yahoo.com,001-507-809-8191,Ashleyview,Guinea-Bissau,40.0,Male,2024-11-03,Pensions consultant,86935.97
Adam Stewart,,189-384-6300x591,Lake Shannonberg,Thailand,19.0,Female,2024-07-19,Pensions consultant,86935.97
Christopher Hood,stevefletcher@smith-owens.com,(589)068-2754x002,East Keithview,Pakistan,44.0,Other,2022-02-07,,86935.97
Victoria Wright,megannguyen@allen-stevenson.com,035.197.6098x095,Donnaville,Barbados,59.0,Other,2022-06-19,Pensions consultant,
Wyatt Short,,001-088-703-4258x225,Tarahaven,Mayotte,19.0,Male,2023-11-30,,86935.97
Kayla Lynch,turneraaron@yahoo.com,(715)640-6058,Lake Tylerfurt,Burundi,43.0,Male,2023-04-26,Pensions consultant,86935.97
Steven Espinoza,michelle62@hotmail.com,(859)020-3897,New Christopherview,Holy See (Vatican City State),34.0,Female,2022-08-03,,86935.97
Alexander Herrera,michael09@lang-davis.com,5622412236,Smithstad,Bahrain,57.0,Female,2021-10-30,Pensions consultant,86935.97
Michael Copeland,josephchristine@garrett-vazquez.com,579-738-8204,North James,Cambodia,50.0,Male,2025-06-29,,86935.97
Laura Davis,jefferygallegos@daniels.net,001-400-778-8162x000,North Rachelbury,Samoa,26.0,Female,2022-09-12,Pensions consultant,86935.97
Shane Anderson,francisco98@yahoo.com,1911656158,West Justin,Sweden,60.0,Male,2022-08-17,Pensions consultant,86935.97
Tracy Holland,emilyjoseph@mcdonald.com,8438902181,Hallborough,Barbados,56.0,Female,2021-01-07,Pensions consultant,86935.97
Gina Morris,craig64@yahoo.com,(212)405-2953,Suzannebury,Yemen,46.0,Male,2023-07-27,Pensions consultant,
Jordan Riley,davidcook@bryant-lopez.com,+1-341-124-0734x904,Maryville,Pitcairn Islands,59.0,Male,2024-03-20,Pensions consultant,86935.97
Angela Michael,westshannon@vasquez.com,698.469.2928x7948,Lake Nathanhaven,Croatia,43.0,Male,2021-01-13,,86935.97
Briana Nunez,crystal08@alexander-miller.com,+1-742-150-2733x373,Hammondberg,Saint Pierre and Miquelon,52.0,Female,2022-02-13,,86935.97
Evan Crawford,amitchell@hotmail.com,+1-472-428-0124x3614,New Melinda,Philippines,42.0,Female,2025-01-22,Pensions consultant,86935.97
Stefanie Smith,ztaylor@yahoo.com,(277)922-6680,West Stacey,Guinea,41.0,Female,2021-03-02,Pensions consultant,86935.97
Debra Harrington,kelsey77@atkins.com,021.470.1292x80397,Port Desiree,Algeria,30.0,Male,2025-01-05,Pensions consultant,86935.97
Gail Jones,williamsdaniel@hotmail.com,(841)870-1464x47058,Lake Katelyn,Ghana,24.0,Female,2020-09-05,Pensions consultant,86935.97
Adam Solomon,craigwu@marks-melton.com,129.276.0887,Carolynport,Iran,53.0,Female,2024-10-02,Pensions consultant,86935.97
Monica Lawrence,gomezjennifer@myers.net,576-741-6796x63346,Doyleshire,United Kingdom,62.0,Male,2021-11-28,Pensions consultant,86935.97
Aaron Williams,mccartystephen@yahoo.com,(320)231-7636,Jacksonview,Paraguay,37.0,Other,2022-06-21,Pensions consultant,86935.97
Russell Myers,nicole66@hotmail.com,001-024-820-4789x652,Georgeville,Israel,18.0,Male,2022-11-07,Pensions consultant,86935.97
Michelle Davis,richard47@macdonald-vance.com,,West Michael,Austria,25.0,Female,2024-03-01,Pensions consultant,86935.97
Dawn Valdez,berrynicholas@hotmail.com,(043)138-2874x5560,Joneshaven,Comoros,63.0,Male,2022-12-26,Pensions consultant,86935.97
Susan Drake,joseph23@kim-leon.net,001-418-602-5241x61788,Lake Jeanshire,Angola,33.0,Other,2021-03-15,Pensions consultant,86935.97
Jennifer Smith,susanwallace@gordon-white.com,9154779568,Kristinaton,Lithuania,31.0,Male,2023-11-10,Pensions consultant,86935.97
Natalie Wood,mercerjoan@bonilla-davis.net,(281)646-0497x8102,Allentown,Liechtenstein,29.0,Female,2022-11-14,,86935.97
Robert Lin,,433.920.2011,Port Jonathan,Nicaragua,40.0,Other,2022-09-21,Pensions consultant,86935.97
Melanie Hanson,michael82@hotmail.com,(860)419-0970x371,Flynnborough,Somalia,32.0,Female,2023-04-15,Pensions consultant,86935.97
Darryl Smith,itorres@yahoo.com,001-872-730-5294x29437,North Nicholeberg,Saint Barthelemy,45.0,Other,2023-03-05,Pensions consultant,86935.97
Tammy Browning,nataliethompson@rivera.com,162-493-0700x2582,Antonioberg,Georgia,51.0,Other,2024-10-17,Pensions consultant,86935.97
Andrea Bates,christiantaylor@yahoo.com,586.013.9694x848,New Aprilchester,Guam,,Male,2023-12-09,,86935.97
Albert Hughes,omoreno@mills.com,038-378-2220x0933,North Kennethton,Zimbabwe,49.0,Male,2024-04-04,Pensions consultant,86935.97
Benjamin Price,ashleykline@bauer-webb.biz,+1-169-158-4595x9311,Marktown,Singapore,40.0,Female,2020-07-21,Pensions consultant,86935.97
Denise Ashley,,(121)262-8806,Johnfurt,Holy See (Vatican City State),39.0,Male,2025-02-28,Pensions consultant,86935.97
Jeremy Woods,monteschristine@hotmail.com,001-408-321-5344x454,Rachelberg,San Marino,42.0,Male,2022-02-12,,
Michael Vargas,anna36@montoya.com,+1-478-071-1156x158,Jacobborough,Montenegro,39.0,Other,2024-10-23,,86935.97
Mark Gordon,brownrobert@brown.com,471-145-8218x99296,Sosahaven,France,39.0,Male,2024-08-26,Pensions consultant,86935.97
Brett Carter,amonroe@gmail.com,856-558-2549,East Pamela,Japan,59.0,Other,2022-12-29,Pensions consultant,86935.97
Alyssa Miller,smarks@medina.org,0158149869,Brockmouth,Sweden,23.0,Other,2020-08-19,Pensions consultant,86935.97
Anthony Gibson,jacksonrebecca@allen-lewis.com,,Lake Tracyfurt,Comoros,32.0,Other,2025-03-01,,86935.97
Samuel Smith,adam67@hotmail.com,719-336-3682,West Rebeccaburgh,Saint Barthelemy,60.0,Female,2023-01-13,Pensions consultant,86935.97
Nicholas Jones,amanda16@hotmail.com,001-427-996-6340x654,West Shelleyland,Papua New Guinea,54.0,Female,2023-09-17,,
John Cobb,angelascott@byrd.org,(478)177-3508x4895,Cohenside,Greece,50.0,Female,2025-05-13,Pensions consultant,86935.97
Theresa Mcmillan,hallwillie@nguyen-jennings.org,001-083-675-7917x12188,West Raymondside,Peru,25.0,Other,2023-02-02,Pensions consultant,86935.97
Mrs. Laura Flores,ginayoung@hotmail.com,,Webbfort,Gabon,61.0,Female,2021-03-16,Pensions consultant,86935.97
Shane Watson,halldenise@shea-robles.org,336-498-5919x0769,East Amanda,Cayman Islands,61.0,Female,2025-04-03,Pensions consultant,86935.97
Regina Harrington,richardmcdaniel@jenkins.com,8887851988,Sonyatown,Venezuela,22.0,Male,2023-09-13,Pensions consultant,86935.97
Kirsten Hughes,oramirez@yahoo.com,4696886216,Lewismouth,Estonia,56.0,Female,2021-06-12,Pensions consultant,86935.97
Megan Smith,terry32@love.com,,North Michelle,Israel,,Female,2023-01-29,Pensions consultant,86935.97
Kevin Hudson,nballard@barry.com,+1-888-580-7311x49667,South Kaylashire,Thailand,23.0,Other,2023-07-21,Pensions consultant,86935.97
Natasha Sutton,brooke57@gmail.com,(883)859-6728x310,New Jonathanmouth,Montenegro,62.0,Other,2023-12-08,Pensions consultant,86935.97
Christina Hill,richard05@yahoo.com,696.034.6220x18111,Anahaven,Paraguay,49.0,Other,2025-05-15,Pensions consultant,86935.97
Anthony Porter,rgarrison@gilbert-leonard.com,(443)614-7781x443,Sullivanberg,Andorra,47.0,Other,2022-05-04,,86935.97
Kelly Flores,,(477)347-9244,Hickstown,Ghana,64.0,Other,2024-02-19,,86935.97
Thomas Aguirre,jimenezsheri@gmail.com,,Lake Hannahborough,Belgium,52.0,Other,2024-09-26,,86935.97
Alice Hoffman,dlamb@henderson.com,(065)836-2844,Port Fernandoview,Germany,,Female,2021-07-02,,86935.97
William Singh,robinsonjulie@smith-bender.org,568-499-5535,Lake Jordan,Falkland Islands (Malvinas),33.0,Other,2024-12-27,Pensions consultant,86935.97
Cheryl Ball,jonessusan@martinez-gibbs.com,,New Adrian,Kiribati,30.0,Other,2024-06-27,Pensions consultant,86935.97
Jamie Bartlett,hsmith@owen.net,053-748-2050,West Robertview,Congo,59.0,Male,2020-07-19,Pensions consultant,86935.97
Mary Lee,uhall@thornton.biz,(423)250-3829x5597,Port Michael,United States Minor Outlying Islands,47.0,Female,2023-05-06,Pensions consultant,86935.97
Karen Stevens,louis89@yahoo.com,878.625.5066,Lake Angelatown,Mozambique,36.0,Female,2022-11-01,Pensions consultant,86935.97
William Robertson,,+1-149-212-6610x01045,Gloriamouth,Antigua and Barbuda,34.0,Female,2021-09-23,Pensions consultant,86935.97
John Miller,molinaangela@gmail.com,+1-153-829-5405x534,East Jenniferview,Bahamas,36.0,Other,2021-02-26,Pensions consultant,86935.97
Paula Charles,stevenedwards@hotmail.com,001-504-360-8316,Douglasside,Western Sahara,45.0,Other,2023-11-05,Pensions consultant,86935.97
Dustin Roach,ashley24@gmail.com,+1-912-672-0939x868,Stephenberg,Albania,43.0,Other,2021-06-20,Pensions consultant,86935.97
Jennifer Myers,dhenderson@hotmail.com,001-451-987-5045,Beckstad,Bahamas,54.0,Male,2024-10-06,Pensions consultant,86935.97
Carolyn Ruiz,fuentesmichael@yahoo.com,+1-195-910-2693x653,Blackwellton,Western Sahara,43.0,Other,2021-01-04,Pensions consultant,
Heather Flynn,bdorsey@hotmail.com,707-791-3197,Emilytown,Finland,40.0,Male,2024-06-30,Pensions consultant,86935.97
Aaron Allen,billfowler@gutierrez-murphy.com,001-395-689-9772x1286,Grantport,Cote d'Ivoire,26.0,Female,2022-02-09,,86935.97
Nicholas Juarez,,+1-041-506-8383x45442,Rogerland,United Kingdom,29.0,Other,2021-08-31,Pensions consultant,86935.97
Lisa Bailey,dunnkeith@bennett-kennedy.com,261-342-7255x1363,Judithmouth,Comoros,18.0,Male,2025-02-28,Pensions consultant,86935.97
Amanda Patton,dana06@hotmail.com,(971)357-1776,West Ashleyburgh,Vanuatu,18.0,Male,2024-07-25,,86935.97
Randy Smith,robertgibson@king.biz,777-386-3592x492,North Laurenton,Solomon Islands,64.0,Other,2022-11-06,,86935.97
Charlene Wagner,schultztammy@ray.com,514.728.6732x0097,Pinedaburgh,Cook Islands,51.0,Female,2025-06-25,,
Kathy Phillips,ortegaalexander@yahoo.com,(130)051-1715,North Anthony,Argentina,49.0,Female,2022-03-27,Pensions consultant,86935.97
Douglas Nicholson,nshort@yahoo.com,001-803-0756x4644,Nicholsport,South Georgia and the South Sandwich Islands,42.0,Female,2025-02-04,Pensions consultant,86935.97
James Oliver MD,stephaniestone@hotmail.com,+1-158-071-2288x1380,Erinburgh,Italy,57.0,Male,2021-06-17,Pensions consultant,86935.97
Sarah Smith,gregoryhuff@hotmail.com,(684)780-6826x78063,Micheleburgh,Portugal,62.0,Male,2025-03-30,Pensions consultant,86935.97
Edward Davis,john13@hotmail.com,550.374.0131x960,Kingland,Montserrat,18.0,Male,2025-04-08,Pensions consultant,86935.97
Amy Martinez,nevans@gmail.com,927-447-1931,Malikport,Czech Republic,33.0,Male,2025-06-23,Pensions consultant,86935.97
Christopher Strickland,scott55@yahoo.com,883-213-9303,Lake Evelynburgh,Venezuela,,Female,2023-05-10,Pensions consultant,86935.97
Jennifer Roy,keith21@gmail.com,+1-892-382-9872x3049,Kevinchester,Eritrea,22.0,Other,2024-07-20,Pensions consultant,86935.97
Russell Gonzalez,williamskimberly@jackson.com,504-492-5871x6370,Kellyport,Turks and Caicos Islands,39.0,Male,2024-01-05,Pensions consultant,86935.97
Christine Simpson,pamela89@fox-tucker.com,340.132.5859,Mendozafurt,Poland,46.0,Male,2021-07-30,Pensions consultant,86935.97
Daniel Anderson,hwalters@gmail.com,(539)209-5593x094,Stacybury,Turkey,20.0,Female,2023-08-27,Pensions consultant,
Steven Clark,travis27@ryan.com,8741331245,West Jonathan,British Virgin Islands,29.0,Other,2024-09-02,Pensions consultant,86935.97
Jared Rodriguez,hcruz@gmail.com,+1-048-610-1352x7402,North Joshua,Pakistan,43.0,Other,2022-02-06,Pensions consultant,86935.97
William Lopez,,(964)774-7630x8282,Terrifort,French Guiana,33.0,Female,2020-11-10,,86935.97
Joshua Myers,cortezcolleen@rich.org,(014)533-3974,Michaelchester,Aruba,,Female,2021-03-13,Pensions consultant,
Colin Kaufman,kellybrown@holt-faulkner.com,913.307.0023x93261,South Regina,Burundi,39.0,Other,2022-01-31,Pensions consultant,
Danielle Whitney,millerjessica@hotmail.com,828.728.2905,West Rodneyview,Belize,46.0,Male,2022-10-07,Pensions consultant,86935.97
Karen Robinson,alyssa68@gmail.com,773.093.9188x73144,West Joshua,Sierra Leone,31.0,Other,2021-10-19,Pensions consultant,86935.97
Sydney Knight,erichardson@yahoo.com,001-629-139-4826x23270,New Madison,Western Sahara,45.0,Female,2021-04-30,Pensions consultant,86935.97
Madison Lambert,williamsmichael@yahoo.com,+1-637-991-7040x574,Lake Ivanview,Zimbabwe,22.0,Male,2023-05-22,Pensions consultant,86935.97
Brianna Schmidt,tknight@yahoo.com,(076)848-7415x74797,South Steven,Belarus,64.0,Male,2023-09-24,Pensions consultant,86935.97
Ashley Howard,patrick82@fisher-suarez.net,,West Timothy,Gibraltar,47.0,Female,2020-11-21,Pensions consultant,86935.97
Ebony Sanchez,tranmorgan@johnson.net,(607)395-1094x44151,Potterview,Australia,63.0,Female,2021-07-26,,86935.97
David Green,joseph15@richardson-wright.biz,(209)866-1297x684,Campbellmouth,Faroe Islands,22.0,Female,2022-06-03,Pensions consultant,86935.97
Dylan Thomas,,+1-893-337-9602x8687,Perezshire,Vietnam,29.0,Other,2023-12-25,Pensions consultant,86935.97
Kimberly Keller,stacy19@alvarez.com,+1-996-187-2975x3060,West Eduardochester,Namibia,33.0,Other,2022-02-17,,86935.97
Kevin Cooley,igraham@diaz.biz,892.171.6118x915,South Derrick,Estonia,43.0,Male,2022-11-30,,86935.97
Eric Price,ggreen@hotmail.com,(860)862-4681,Robertland,Grenada,43.0,Female,2021-02-28,Pensions consultant,86935.97
Amber Oliver,twinters@yahoo.com,(607)773-7108x0858,Dukemouth,Turkmenistan,38.0,Male,2020-08-23,Pensions consultant,86935.97
Cody Stanton,clarkkelly@yahoo.com,878.442.0279x693,Jacksontown,Malaysia,56.0,Male,2024-03-23,Pensions consultant,86935.97
Elizabeth Hutchinson,jennifer47@yahoo.com,737-853-2496x232,New Emilyhaven,Macao,53.0,Male,2023-01-03,Pensions consultant,86935.97
Jacob Smith,beth60@hotmail.com,,South Bethany,Algeria,50.0,Male,2022-11-09,Pensions consultant,
Meghan Galloway,lisacollins@hotmail.com,(017)495-4428,Ericksonstad,Russian Federation,47.0,Female,2024-03-02,Pensions consultant,86935.97
Timothy Stewart,heathjessica@brown-williamson.info,0669070306,Richardview,Turkmenistan,54.0,Male,2021-05-31,Pensions consultant,86935.97
Janet Sherman,omiller@adams.com,+1-515-556-6510x7230,Leviport,Chile,40.0,Female,2021-08-17,,86935.97
Cory Edwards,richardfrye@gonzales-avila.org,118.853.1513x435,Coopermouth,Cambodia,27.0,Female,2024-12-22,,86935.97
Megan Silva,valenzuelajennifer@gmail.com,970.099.4441x132,Williamsmouth,Albania,22.0,Other,2024-12-16,Pensions consultant,86935.97
Katie Thomas,murphyangela@sullivan.info,411.339.8928,Leeport,Saint Pierre and Miquelon,53.0,Female,2022-06-22,Pensions consultant,86935.97
Jesse Cooke,julie32@patterson.com,(535)410-4833x4968,Salinasburgh,Netherlands Antilles,51.0,Other,2020-10-26,Pensions consultant,
Emily Rangel,hunterkennedy@yahoo.com,(027)449-3839x21868,Howardhaven,Isle of Man,48.0,Female,2023-05-11,Pensions consultant,86935.97
Kelsey Walton,vcampbell@hotmail.com,2257222057,Timothyton,Sao Tome and Principe,,Female,2025-03-17,Pensions consultant,
Jose Jefferson,nathan73@jones.biz,(509)679-7742x12014,North Victoria,Poland,36.0,Female,2021-08-29,Pensions consultant,86935.97
Roger Singleton,ballardlauren@morales-rogers.com,568-088-2271,Lake Rita,Wallis and Futuna,49.0,Other,2021-02-28,Pensions consultant,86935.97
Lucas Gonzalez,williamsteresa@stuart.com,001-819-906-5796x5336,Gonzalezstad,Singapore,,Other,2021-02-24,Pensions consultant,
Alexander Gallagher,qgamble@hotmail.com,+1-225-920-9104x8874,Port Paigeland,Jersey,,Male,2024-04-23,Pensions consultant,86935.97
Melissa Scott,julia74@barnes.org,2338739255,North Erika,Estonia,62.0,Other,2023-01-22,Pensions consultant,86935.97
David Hendricks,,+1-938-574-9223x9030,Port Andrewtown,Belarus,21.0,Other,2024-11-01,Pensions consultant,86935.97
Cynthia Morris,orodriguez@hotmail.com,001-391-264-4006,South Nicholasborough,Suriname,33.0,Other,2021-09-29,Pensions consultant,86935.97
Adrian Bailey,millergreg@gmail.com,671.990.5429x6096,Lake Jennyville,Greece,41.0,Other,2022-02-03,,86935.97
Austin Price,ysingleton@yahoo.com,(745)720-7621x7023,Kathrynfurt,China,33.0,Male,2022-05-10,Pensions consultant,86935.97
Jacqueline Clay,lisa47@martinez.biz,925.714.9487,Lake William,Zimbabwe,19.0,Other,2023-11-22,Pensions consultant,86935.97
Rachel Hess,milleredward@manning.com,001-548-447-6988x183,Nancychester,Trinidad and Tobago,45.0,Female,2024-03-21,Pensions consultant,86935.97
Anthony Guerrero,patrick46@lawson.com,176-978-3593x228,Port Bradleymouth,Korea,49.0,Female,2020-08-25,Pensions consultant,86935.97
Kimberly Greene,jacobmedina@jones.com,267.048.6335x59179,East Markview,Guinea-Bissau,44.0,Other,2020-08-16,Pensions consultant,86935.97
Todd Wilson,heatherroberson@woodward.com,722.113.2172x2242,East Jenniferport,Macedonia,37.0,Other,2021-05-10,Pensions consultant,86935.97
John Jackson,cartereddie@bradford.com,913.447.9889x535,Hamiltonchester,Germany,41.0,Female,2021-06-06,Pensions consultant,86935.97
Robert Hart,joelhunter@neal.com,350.696.2402,West Anthonyshire,Ecuador,29.0,Female,2022-03-06,Pensions consultant,86935.97
George Pitts,markcain@yahoo.com,540.230.8584x56563,New Christinemouth,Malaysia,52.0,Male,2023-05-26,,
Denise Johnston,megan40@hotmail.com,830-273-6750,Camachoshire,Falkland Islands (Malvinas),50.0,Female,2021-01-07,Pensions consultant,86935.97
